{
  "homepage": "https://www.curseforge.com/minecraft/mc-mods/dcintegration/files",
  "1.12.2": {
    "1.1.18": "Fix possible crash when not configurated or discord connection fails",
    "1.1.17": "Hardcode new delay between channel description updates to 10 minutes to prevent rate limits :/",
    "1.1.16": "Fix crash when setting some messages blank",
    "1.1.15": "Fixed custom commands not sending output",
    "1.1.14": "Updated mixin to 0.8",
    "1.1.13": "Fixed server not loading mod",
    "1.1.12": "Fixed potential bug. Added status modification",
    "1.1.11": "Added an way to toggle join/leave messages\nYou can now specify the rate of the description updates\nFormatting of %uptime% is now possible\n\nLAST FEATURE UPDATE FOR 1.12",
    "1.1.10": "",
    "1.1.9": "Filling up the json",
    "1.1.8": "Added discord ignore subcommand, Commands can now be run in different channels too (configurable!). Maybe fixed crash when discord is down",
    "1.1.6": "Specific commands can now be executed from another channel ID or every channel",
    "1.1.4": "Maybe fix error code on shutown with players\nAdd options for color codes",
    "1.1.3": "Fix crash when generating new config",
    "1.1.2": "Fixed error messages on shutdown\nEnhance server crash detection",
    "1.1.1": "Now supporting votifier messages\nDiscord nicknames will now be shown ingame\nNow using FTB Utilities Nicknames and name format\nFixed an bad placeholder comment\nSmall bugfix with /say and /me\n ... And more ...",
    "1.0.15": "Now using FTB Utilities Nicknames and name format",
    "1.0.13": "Add clickable URLs in chat. Updated the timeout detection so it might work better",
    "1.0.12": "Fix bug which still modified the channel description on server stop",
    "1.0.11": "Detect if bot can execute command and send message if not",
    "1.0.9": "Add config option to enable/disable /say output in discord (requested by Sunconure11)",
    "1.0.8": "REALLY Fix 2 minute shutdown/restart message...",
    "1.0.7": "(not...)Fix 2 minute shutdown/restart message does not appear\nAdd basic attachment and embed parsing",
    "1.0.6": "Fix @everyone working from chat to discord\nReplace 30 second restart line with 2 minutes\nFixed some config entries not being used",
    "1.0.5": "Most likely fix bug in FTB Utilites AFK detection",
    "1.0.4": "Fix commands not having permission, add uuid from new config to to ops.json",
    "1.0.3": "Added Config option for custom commands",
    "1.0.1": "Fixed bugs:\nFix AFK detector not working after a player leaves\nFix server crashes when it is unable to connect",
    "1.0.0": "Initial release"
  },
  "promos": {
    "1.12.2-latest": "1.1.10",
    "1.12.2-recommended": "1.1.10"
  }
}
